No,Time,Source,Destination,Protocol,Length
1,43435.45254,172.16.0.5,192.168.50.1,17,42680
2,43435.45254,192.168.50.1,172.16.0.5,17,880
3,43435.45254,172.16.0.5,192.168.50.1,17,88000
4,43435.45255,172.16.0.5,192.168.50.1,17,88000
5,43435.45255,172.16.0.5,192.168.50.1,17,88000
6,43435.45255,172.16.0.5,192.168.50.1,17,88000
7,43435.45255,172.16.0.5,192.168.50.1,17,88000
8,43435.45255,172.16.0.5,192.168.50.1,17,88000
9,43435.45255,172.16.0.5,192.168.50.1,17,88000
10,43435.45255,172.16.0.5,192.168.50.1,17,88000
11,43435.45255,172.16.0.5,192.168.50.1,17,88000
12,43435.45255,172.16.0.5,192.168.50.1,17,88000
13,43435.45255,172.16.0.5,192.168.50.1,17,88000
14,43435.45255,172.16.0.5,192.168.50.1,17,88000
15,43435.45255,172.16.0.5,192.168.50.1,17,88000
16,43435.45255,172.16.0.5,192.168.50.1,17,88000
17,43435.45255,172.16.0.5,192.168.50.1,17,88000
18,43435.45255,172.16.0.5,192.168.50.1,0,0
19,43435.45255,172.16.0.5,192.168.50.1,17,88000
20,43435.45255,172.16.0.5,192.168.50.1,17,88000
21,43435.45255,172.16.0.5,192.168.50.1,17,88000
22,43435.45255,172.16.0.5,192.168.50.1,17,88000
23,43435.45255,192.168.50.1,172.16.0.5,6,408
24,43435.45255,172.16.0.5,192.168.50.1,17,88000
25,43435.45255,172.16.0.5,192.168.50.1,17,88000
26,43435.45255,172.16.0.5,192.168.50.1,17,88000
27,43435.45255,172.16.0.5,192.168.50.1,17,88000
28,43435.45255,192.168.50.8,125.56.201.115,6,616
29,43435.45255,172.16.0.5,192.168.50.1,17,88000
30,43435.45255,172.16.0.5,192.168.50.1,17,88000
31,43435.45255,172.16.0.5,192.168.50.1,17,88000
32,43435.45255,192.168.50.8,54.218.239.186,6,8
33,43435.45255,172.16.0.5,192.168.50.1,17,88000
34,43435.45255,172.16.0.5,192.168.50.1,17,88000
35,43435.45255,172.16.0.5,192.168.50.1,17,88000
36,43435.45255,172.16.0.5,192.168.50.1,17,88000
37,43435.45255,172.16.0.5,192.168.50.1,17,88000
38,43435.45255,172.16.0.5,192.168.50.1,17,88000
39,43435.45255,172.16.0.5,192.168.50.1,17,88000
40,43435.45255,172.16.0.5,192.168.50.1,17,88000
41,43435.45255,172.16.0.5,192.168.50.1,17,88000
42,43435.45256,172.16.0.5,192.168.50.1,17,88000
43,43435.45256,172.16.0.5,192.168.50.1,17,88000
44,43435.45256,172.16.0.5,192.168.50.1,17,88000
45,43435.45256,192.168.50.1,172.16.0.5,17,880
46,43435.45256,172.16.0.5,192.168.50.1,17,88000
47,43435.45256,172.16.0.5,192.168.50.1,17,88000
48,43435.45256,172.16.0.5,192.168.50.1,17,88000
49,43435.45256,172.16.0.5,192.168.50.1,17,88000
50,43435.45256,172.16.0.5,192.168.50.1,17,88000
51,43435.45256,172.16.0.5,192.168.50.1,17,88000
52,43435.45256,172.16.0.5,192.168.50.1,17,88000
53,43435.45256,172.16.0.5,192.168.50.1,17,88000
54,43435.45256,192.168.50.253,224.0.0.5,0,0
55,43435.45256,172.16.0.5,192.168.50.1,17,88000
56,43435.45256,172.16.0.5,192.168.50.1,17,88000
57,43435.45256,172.16.0.5,192.168.50.1,17,176000
58,43435.45257,172.16.0.5,192.168.50.1,17,88000
59,43435.45257,172.16.0.5,192.168.50.1,17,88000
60,43435.45257,172.16.0.5,192.168.50.1,17,88000
61,43435.45257,192.168.50.1,172.16.0.5,17,880
62,43435.45257,172.16.0.5,192.168.50.1,17,88000
63,43435.45257,172.16.0.5,192.168.50.1,17,88000
64,43435.45257,172.16.0.5,192.168.50.1,17,88000
65,43435.45257,172.16.0.5,192.168.50.1,17,88000
66,43435.45257,172.16.0.5,192.168.50.1,17,88000
67,43435.45257,172.16.0.5,192.168.50.1,17,88000
68,43435.45257,172.16.0.5,192.168.50.1,17,88000
69,43435.45257,172.16.0.5,192.168.50.1,17,88000
70,43435.45257,172.16.0.5,192.168.50.1,17,88000
71,43435.45257,172.16.0.5,192.168.50.1,17,88000
72,43435.45257,172.16.0.5,192.168.50.1,17,88000
73,43435.45257,172.16.0.5,192.168.50.1,17,88000
74,43435.45257,172.16.0.5,192.168.50.1,17,88000
75,43435.45257,172.16.0.5,192.168.50.1,17,88000
76,43435.45257,172.16.0.5,192.168.50.1,17,66000
77,43435.45257,172.16.0.5,192.168.50.1,17,88000
78,43435.45257,172.16.0.5,192.168.50.1,17,88000
79,43435.45257,172.16.0.5,192.168.50.1,17,88000
80,43435.45257,172.16.0.5,192.168.50.1,17,88000
81,43435.45257,172.16.0.5,192.168.50.1,17,88000
82,43435.45257,172.16.0.5,192.168.50.1,17,88000
83,43435.45258,172.16.0.5,192.168.50.1,17,88000
84,43435.45258,172.16.0.5,192.168.50.1,17,88000
85,43435.45258,172.16.0.5,192.168.50.1,17,88000
86,43435.45258,172.16.0.5,192.168.50.1,17,88000
87,43435.45258,172.16.0.5,192.168.50.1,17,88000
88,43435.45258,172.16.0.5,192.168.50.1,17,88000
89,43435.45258,192.168.50.1,172.16.0.5,17,880
90,43435.45258,172.16.0.5,192.168.50.1,17,176000
91,43435.45258,172.16.0.5,192.168.50.1,17,88000
92,43435.45258,172.16.0.5,192.168.50.1,17,88000
93,43435.45258,172.16.0.5,192.168.50.1,17,88000
94,43435.45258,192.168.50.8,23.15.4.11,6,20
95,43435.45258,192.168.50.8,172.217.0.110,6,20
96,43435.45258,192.168.50.8,172.217.0.110,6,20
97,43435.45258,172.16.0.5,192.168.50.1,17,88000
98,43435.45258,192.168.50.8,104.36.115.113,6,51
99,43435.45258,192.168.50.8,72.21.91.29,6,20
100,43435.45258,172.16.0.5,192.168.50.1,17,88000
101,43435.45258,192.168.50.8,172.217.0.110,6,20
102,43435.45258,192.168.50.8,172.217.0.110,6,20
103,43435.45259,192.168.50.8,54.210.144.213,6,4
104,43435.45259,172.16.0.5,192.168.50.1,17,88000
105,43435.45259,172.16.0.5,192.168.50.1,17,88000
106,43435.45259,172.16.0.5,192.168.50.1,17,88000
107,43435.45259,192.168.50.8,72.21.91.29,6,904
108,43435.45259,192.168.50.8,52.203.113.92,6,8
109,43435.45259,172.16.0.5,192.168.50.1,17,88000
110,43435.45259,192.168.50.8,208.185.50.75,6,73
111,43435.45259,192.168.50.8,52.203.113.92,6,8
112,43435.45259,172.16.0.5,192.168.50.1,17,88000
113,43435.45259,192.168.50.8,96.6.27.46,6,17768
114,43435.45259,172.16.0.5,192.168.50.1,17,88000
115,43435.45259,172.16.0.5,192.168.50.1,17,88000
116,43435.45259,192.168.50.8,172.217.0.226,6,2744
117,43435.45259,172.16.0.5,192.168.50.1,17,88000
118,43435.45259,172.16.0.5,192.168.50.1,17,88000
119,43435.45259,192.168.50.8,35.173.44.140,6,10
120,43435.45259,192.168.50.8,35.173.44.140,6,10
121,43435.45259,172.16.0.5,192.168.50.1,17,88000
122,43435.45259,192.168.50.8,72.21.91.29,6,20
123,43435.45259,172.16.0.5,192.168.50.1,17,88000
124,43435.45259,192.168.50.254,224.0.0.5,0,0
125,43435.45259,172.16.0.5,192.168.50.1,17,88000
126,43435.45259,172.16.0.5,192.168.50.1,17,88000
127,43435.45259,172.16.0.5,192.168.50.1,17,88000
128,43435.45259,172.16.0.5,192.168.50.1,17,88000
129,43435.45259,192.168.50.1,172.16.0.5,17,880
130,43435.45259,172.16.0.5,192.168.50.1,17,88000
131,43435.45259,192.168.50.8,208.185.50.80,6,73
132,43435.45259,172.16.0.5,192.168.50.1,17,88000
133,43435.45259,172.16.0.5,192.168.50.1,17,88000
134,43435.45259,172.16.0.5,192.168.50.1,17,88000
135,43435.45259,172.16.0.5,192.168.50.1,17,88000
136,43435.45259,172.16.0.5,192.168.50.1,17,88000
137,43435.45259,172.16.0.5,192.168.50.1,17,88000
138,43435.45259,172.16.0.5,192.168.50.1,17,88000
139,43435.4526,172.16.0.5,192.168.50.1,17,88000
140,43435.4526,172.16.0.5,192.168.50.1,17,88000
141,43435.4526,172.16.0.5,192.168.50.1,17,88000
142,43435.4526,172.16.0.5,192.168.50.1,17,88000
143,43435.4526,172.16.0.5,192.168.50.1,17,88000
144,43435.4526,172.16.0.5,192.168.50.1,17,88000
145,43435.4526,172.16.0.5,192.168.50.1,17,88000
146,43435.4526,172.16.0.5,192.168.50.1,17,88000
147,43435.4526,172.16.0.5,192.168.50.1,17,88000
148,43435.4526,172.16.0.5,192.168.50.1,17,88000
149,43435.4526,172.16.0.5,192.168.50.1,17,88000
150,43435.4526,172.16.0.5,192.168.50.1,17,88000
151,43435.4526,172.16.0.5,192.168.50.1,17,88000
152,43435.4526,192.168.50.1,172.16.0.5,17,880
153,43435.4526,172.16.0.5,192.168.50.1,17,88000
154,43435.4526,172.16.0.5,192.168.50.1,17,88000
155,43435.4526,172.16.0.5,192.168.50.1,17,88000
156,43435.4526,172.16.0.5,192.168.50.1,17,88000
157,43435.4526,172.16.0.5,192.168.50.1,17,88000
158,43435.4526,172.16.0.5,192.168.50.1,17,88000
159,43435.4526,172.16.0.5,192.168.50.1,17,88000
160,43435.4526,172.16.0.5,192.168.50.1,17,88000
161,43435.4526,172.16.0.5,192.168.50.1,17,88000
162,43435.4526,172.16.0.5,192.168.50.1,17,88000
163,43435.4526,172.16.0.5,192.168.50.1,17,88000
164,43435.4526,172.16.0.5,192.168.50.1,17,88000
165,43435.45261,172.16.0.5,192.168.50.1,17,88000
166,43435.45261,172.16.0.5,192.168.50.1,17,88000
167,43435.45261,172.16.0.5,192.168.50.1,17,88000
168,43435.45261,192.168.50.8,54.222.199.48,6,10
169,43435.45261,172.16.0.5,192.168.50.1,17,88000
170,43435.45261,172.16.0.5,192.168.50.1,17,88000
171,43435.45261,172.16.0.5,192.168.50.1,17,88000
172,43435.45261,172.16.0.5,192.168.50.1,6,0
173,43435.45261,172.16.0.5,192.168.50.1,17,88000
174,43435.45261,172.16.0.5,192.168.50.1,17,88000
175,43435.45261,172.16.0.5,192.168.50.1,17,88000
176,43435.45261,172.16.0.5,192.168.50.1,17,88000
177,43435.45261,172.16.0.5,192.168.50.1,17,88000
178,43435.45261,172.16.0.5,192.168.50.1,17,88000
179,43435.45261,192.168.50.1,172.16.0.5,17,880
180,43435.45261,172.16.0.5,192.168.50.1,17,88000
181,43435.45262,172.16.0.5,192.168.50.1,17,88000
182,43435.45262,172.16.0.5,192.168.50.1,17,88000
183,43435.45262,172.16.0.5,192.168.50.1,17,88000
184,43435.45262,172.16.0.5,192.168.50.1,17,88000
185,43435.45262,172.16.0.5,192.168.50.1,17,88000
186,43435.45262,172.16.0.5,192.168.50.1,17,88000
187,43435.45262,172.16.0.5,192.168.50.1,17,88000
188,43435.45262,172.16.0.5,192.168.50.1,17,88000
189,43435.45262,172.16.0.5,192.168.50.1,17,88000
190,43435.45262,172.16.0.5,192.168.50.1,17,88000
191,43435.45262,172.16.0.5,192.168.50.1,17,88000
192,43435.45262,172.16.0.5,192.168.50.1,17,88000
193,43435.45262,172.16.0.5,192.168.50.1,17,88000
194,43435.45263,192.168.50.1,172.16.0.5,17,880
195,43435.45263,172.16.0.5,192.168.50.1,17,88000
196,43435.45263,172.16.0.5,192.168.50.1,17,88000
197,43435.45263,172.16.0.5,192.168.50.1,17,88000
198,43435.45263,172.16.0.5,192.168.50.1,17,88000
199,43435.45263,172.16.0.5,192.168.50.1,17,88000
200,43435.45263,172.16.0.5,192.168.50.1,17,85360
201,43435.45263,172.16.0.5,192.168.50.1,17,87120
202,43435.45263,172.16.0.5,192.168.50.1,17,88000
203,43435.45263,172.16.0.5,192.168.50.1,17,4400
204,43435.45263,172.16.0.5,192.168.50.1,17,88000
205,43435.45264,172.16.0.5,192.168.50.1,17,88000
206,43435.45264,172.16.0.5,192.168.50.1,17,88000
207,43435.45264,172.16.0.5,192.168.50.1,17,88000
208,43435.45264,192.168.50.1,172.16.0.5,17,880
209,43435.45264,172.16.0.5,192.168.50.1,17,88000
210,43435.45264,172.16.0.5,192.168.50.1,17,88000
211,43435.45264,172.16.0.5,192.168.50.1,17,88000
212,43435.45264,172.16.0.5,192.168.50.1,17,88000
213,43435.45264,172.16.0.5,192.168.50.1,17,176000
214,43435.45264,172.16.0.5,192.168.50.1,17,88000
215,43435.45264,172.16.0.5,192.168.50.1,17,88000
216,43435.45264,172.16.0.5,192.168.50.1,17,88000
217,43435.45264,172.16.0.5,192.168.50.1,17,88000
218,43435.45264,172.16.0.5,192.168.50.1,17,88000
219,43435.45264,172.16.0.5,192.168.50.1,17,88000
220,43435.45264,172.16.0.5,192.168.50.1,17,88000
221,43435.45264,172.16.0.5,192.168.50.1,17,88000
222,43435.45264,172.16.0.5,192.168.50.1,17,88000
223,43435.45264,172.16.0.5,192.168.50.1,17,88000
224,43435.45265,172.16.0.5,192.168.50.1,17,88000
225,43435.45265,172.16.0.5,192.168.50.1,17,88000
226,43435.45265,172.16.0.5,192.168.50.1,17,88000
227,43435.45265,172.16.0.5,192.168.50.1,17,88000
228,43435.45265,172.16.0.5,192.168.50.1,17,88000
229,43435.45265,172.16.0.5,192.168.50.1,17,88000
230,43435.45265,172.16.0.5,192.168.50.1,17,88000
231,43435.45265,172.16.0.5,192.168.50.1,17,88000
232,43435.45265,172.16.0.5,192.168.50.1,17,88000
233,43435.45265,192.168.50.8,96.6.27.46,6,17724
234,43435.45265,172.16.0.5,192.168.50.1,17,88000
235,43435.45265,192.168.50.1,172.16.0.5,17,880
236,43435.45265,172.16.0.5,192.168.50.1,17,88000
237,43435.45265,172.16.0.5,192.168.50.1,17,88000
238,43435.45265,172.16.0.5,192.168.50.1,17,88000
239,43435.45265,172.16.0.5,192.168.50.1,17,88000
240,43435.45265,172.16.0.5,192.168.50.1,17,88000
241,43435.45265,172.16.0.5,192.168.50.1,17,88000
242,43435.45265,172.16.0.5,192.168.50.1,17,88000
243,43435.45265,172.16.0.5,192.168.50.1,17,88000
244,43435.45265,172.16.0.5,192.168.50.1,17,88000
245,43435.45265,172.16.0.5,192.168.50.1,17,88000
246,43435.45265,172.16.0.5,192.168.50.1,17,88000
247,43435.45265,172.16.0.5,192.168.50.1,17,88000
248,43435.45265,172.16.0.5,192.168.50.1,17,88000
249,43435.45265,172.16.0.5,192.168.50.1,17,88000
250,43435.45265,172.16.0.5,192.168.50.1,17,88000
251,43435.45266,172.16.0.5,192.168.50.1,17,88000
252,43435.45266,172.16.0.5,192.168.50.1,17,88000
253,43435.45266,172.16.0.5,192.168.50.1,17,88000
254,43435.45266,172.16.0.5,192.168.50.1,17,88000
255,43435.45266,172.16.0.5,192.168.50.1,17,88000
256,43435.45266,172.16.0.5,192.168.50.1,17,88000
257,43435.45266,172.16.0.5,192.168.50.1,17,88000
258,43435.45266,172.16.0.5,192.168.50.1,17,88000
259,43435.45266,192.168.50.1,172.16.0.5,17,880
260,43435.45266,172.16.0.5,192.168.50.1,17,88000
261,43435.45267,172.16.0.5,192.168.50.1,17,88000
262,43435.45267,172.16.0.5,192.168.50.1,17,88000
263,43435.45267,172.16.0.5,192.168.50.1,17,88000
264,43435.45267,172.16.0.5,192.168.50.1,17,88000
265,43435.45267,172.16.0.5,192.168.50.1,17,176000
266,43435.45267,172.16.0.5,192.168.50.1,17,88000
267,43435.45267,172.16.0.5,192.168.50.1,17,88000
268,43435.45267,172.16.0.5,192.168.50.1,17,88000
269,43435.45267,172.16.0.5,192.168.50.1,17,88000
270,43435.45267,172.16.0.5,192.168.50.1,17,88000
271,43435.45267,192.168.50.1,172.16.0.5,17,880
272,43435.45267,172.16.0.5,192.168.50.1,17,88000
273,43435.45267,172.16.0.5,192.168.50.1,17,88000
274,43435.45267,172.16.0.5,192.168.50.1,17,88000
275,43435.45267,172.16.0.5,192.168.50.1,17,88000
276,43435.45267,172.16.0.5,192.168.50.1,17,88000
277,43435.45267,172.16.0.5,192.168.50.1,17,88000
278,43435.45268,172.16.0.5,192.168.50.1,17,88000
279,43435.45268,172.16.0.5,192.168.50.1,17,88000
280,43435.45268,172.16.0.5,192.168.50.1,17,88000
281,43435.45268,172.16.0.5,192.168.50.1,17,88000
282,43435.45268,172.16.0.5,192.168.50.1,17,88000
283,43435.45268,172.16.0.5,192.168.50.1,17,88000
284,43435.45268,172.16.0.5,192.168.50.1,17,88000
285,43435.45268,172.16.0.5,192.168.50.1,17,88000
286,43435.45268,172.16.0.5,192.168.50.1,17,88000
287,43435.45268,192.168.50.1,172.16.0.5,17,880
288,43435.45268,172.16.0.5,192.168.50.1,17,88000
289,43435.45268,172.16.0.5,192.168.50.1,17,88000
290,43435.45268,172.16.0.5,192.168.50.1,17,88000
291,43435.45269,172.16.0.5,192.168.50.1,17,88000
292,43435.45269,172.16.0.5,192.168.50.1,17,88000
293,43435.45269,172.16.0.5,192.168.50.1,17,88000
294,43435.45269,172.16.0.5,192.168.50.1,17,88000
295,43435.45269,172.16.0.5,192.168.50.1,17,88000
296,43435.45269,172.16.0.5,192.168.50.1,17,88000
297,43435.45269,172.16.0.5,192.168.50.1,17,88000
298,43435.45269,172.16.0.5,192.168.50.1,17,88000
299,43435.45269,172.16.0.5,192.168.50.1,17,88000
300,43435.45269,172.16.0.5,192.168.50.1,17,88000
301,43435.45269,172.16.0.5,192.168.50.1,17,88000
302,43435.45269,172.16.0.5,192.168.50.1,17,88000
303,43435.45269,172.16.0.5,192.168.50.1,17,88000
304,43435.45269,192.168.50.1,172.16.0.5,17,880
305,43435.4527,172.16.0.5,192.168.50.1,17,88000
306,43435.4527,172.16.0.5,192.168.50.1,17,88000
307,43435.4527,172.16.0.5,192.168.50.1,17,88000
308,43435.4527,172.16.0.5,192.168.50.1,17,88000
309,43435.4527,172.16.0.5,192.168.50.1,17,88000
310,43435.4527,192.168.50.8,8.8.8.8,17,64
311,43435.4527,192.168.50.8,8.8.8.8,17,82
312,43435.4527,172.16.0.5,192.168.50.1,17,88000
313,43435.4527,172.16.0.5,192.168.50.1,17,88000
314,43435.4527,172.16.0.5,192.168.50.1,17,88000
315,43435.4527,172.16.0.5,192.168.50.1,17,88000
316,43435.45271,172.16.0.5,192.168.50.1,17,88000
317,43435.45271,192.168.50.1,172.16.0.5,17,880
318,43435.45271,172.16.0.5,192.168.50.1,17,88000
319,43435.45271,172.16.0.5,192.168.50.1,17,88000
320,43435.45271,172.16.0.5,192.168.50.1,17,88000
321,43435.45271,172.16.0.5,192.168.50.1,17,88000
322,43435.45271,192.168.50.8,54.210.144.213,6,0
323,43435.45271,172.16.0.5,192.168.50.1,17,88000
324,43435.45271,54.210.144.213,192.168.50.8,6,0
325,43435.45271,172.16.0.5,192.168.50.1,17,88000
326,43435.45271,172.16.0.5,192.168.50.1,17,88000
327,43435.45271,172.16.0.5,192.168.50.1,17,88000
328,43435.45271,172.16.0.5,192.168.50.1,17,88000
329,43435.45271,172.16.0.5,192.168.50.1,17,88000
330,43435.45271,172.16.0.5,192.168.50.1,17,88000
331,43435.45272,172.16.0.5,192.168.50.1,17,88000
332,43435.45272,172.16.0.5,192.168.50.1,17,88000
333,43435.45272,172.16.0.5,192.168.50.1,17,88000
334,43435.45272,172.16.0.5,192.168.50.1,17,88000
335,43435.45272,192.168.50.1,172.16.0.5,17,880
336,43435.45272,172.16.0.5,192.168.50.1,17,88000
337,43435.45272,172.16.0.5,192.168.50.1,17,88000
338,43435.45272,172.16.0.5,192.168.50.1,17,88000
339,43435.45272,172.16.0.5,192.168.50.1,17,88000
340,43435.45272,172.16.0.5,192.168.50.1,17,88000
341,43435.45272,172.16.0.5,192.168.50.1,17,88000
342,43435.45272,172.16.0.5,192.168.50.1,17,88000
343,43435.45272,172.16.0.5,192.168.50.1,17,88000
344,43435.45272,172.16.0.5,192.168.50.1,17,88000
345,43435.45272,172.16.0.5,192.168.50.1,17,88000
346,43435.45273,172.16.0.5,192.168.50.1,17,88000
347,43435.45273,172.16.0.5,192.168.50.1,17,88000
348,43435.45273,172.16.0.5,192.168.50.1,17,88000
349,43435.45273,172.16.0.5,192.168.50.1,17,88000
350,43435.45273,172.16.0.5,192.168.50.1,17,88000
351,43435.45273,172.16.0.5,192.168.50.1,17,88000
352,43435.45273,192.168.50.1,172.16.0.5,17,880
353,43435.45273,172.16.0.5,192.168.50.1,17,88000
354,43435.45273,172.16.0.5,192.168.50.1,17,88000
355,43435.45273,172.16.0.5,192.168.50.1,17,88000
356,43435.45273,172.16.0.5,192.168.50.1,17,88000
357,43435.45273,172.16.0.5,192.168.50.1,17,88000
358,43435.45273,172.16.0.5,192.168.50.1,17,88000
359,43435.45273,172.16.0.5,192.168.50.1,17,87120
360,43435.45273,172.16.0.5,192.168.50.1,17,88000
361,43435.45273,172.16.0.5,192.168.50.1,17,85360
362,43435.45273,172.16.0.5,192.168.50.1,17,88000
363,43435.45273,172.16.0.5,192.168.50.1,17,86240
364,43435.45273,172.16.0.5,192.168.50.1,17,88000
365,43435.45273,172.16.0.5,192.168.50.1,17,88000
366,43435.45273,172.16.0.5,192.168.50.1,17,88000
367,43435.45273,172.16.0.5,192.168.50.1,17,88000
368,43435.45273,172.16.0.5,192.168.50.1,17,88000
369,43435.45274,172.16.0.5,192.168.50.1,17,880
370,43435.45274,172.16.0.5,192.168.50.1,17,88000
371,43435.45274,172.16.0.5,192.168.50.1,17,88000
372,43435.45274,172.16.0.5,192.168.50.1,17,88000
373,43435.45274,172.16.0.5,192.168.50.1,17,88000
374,43435.45274,172.16.0.5,192.168.50.1,17,88000
375,43435.45274,172.16.0.5,192.168.50.1,17,88000
376,43435.45274,172.16.0.5,192.168.50.1,17,88000
377,43435.45274,172.16.0.5,192.168.50.1,17,88000
378,43435.45274,172.16.0.5,192.168.50.1,17,88000
379,43435.45274,192.168.50.1,172.16.0.5,17,880
380,43435.45274,172.16.0.5,192.168.50.1,17,88000
381,43435.45274,172.16.0.5,192.168.50.1,17,88000
382,43435.45274,172.16.0.5,192.168.50.1,17,88000
383,43435.45274,172.16.0.5,192.168.50.1,17,88000
384,43435.45274,172.16.0.5,192.168.50.1,17,88000
385,43435.45274,172.16.0.5,192.168.50.1,17,88000
386,43435.45274,172.16.0.5,192.168.50.1,17,88000
387,43435.45275,172.16.0.5,192.168.50.1,17,88000
388,43435.45275,172.16.0.5,192.168.50.1,17,88000
389,43435.45275,172.16.0.5,192.168.50.1,17,88000
390,43435.45275,172.16.0.5,192.168.50.1,17,88000
391,43435.45275,172.16.0.5,192.168.50.1,17,88000
392,43435.45275,172.16.0.5,192.168.50.1,17,88000
393,43435.45275,172.16.0.5,192.168.50.1,6,0
394,43435.45275,172.16.0.5,192.168.50.1,17,176000
395,43435.45275,172.16.0.5,192.168.50.1,17,88000
396,43435.45275,172.16.0.5,192.168.50.1,17,88000
397,43435.45275,172.16.0.5,192.168.50.1,17,88000
398,43435.45275,172.16.0.5,192.168.50.1,17,88000
399,43435.45275,172.16.0.5,192.168.50.1,17,88000
400,43435.45275,172.16.0.5,192.168.50.1,17,88000
401,43435.45275,192.168.50.1,172.16.0.5,17,880
402,43435.45275,172.16.0.5,192.168.50.1,17,88000
403,43435.45275,172.16.0.5,192.168.50.1,17,88000
404,43435.45275,172.16.0.5,192.168.50.1,17,88000
405,43435.45275,172.16.0.5,192.168.50.1,17,88000
406,43435.45276,172.16.0.5,192.168.50.1,17,88000
407,43435.45276,172.16.0.5,192.168.50.1,17,88000
408,43435.45276,172.16.0.5,192.168.50.1,17,88000
409,43435.45276,172.16.0.5,192.168.50.1,17,88000
410,43435.45276,172.16.0.5,192.168.50.1,17,88000
411,43435.45276,172.16.0.5,192.168.50.1,17,88000
412,43435.45276,172.16.0.5,192.168.50.1,17,88000
413,43435.45276,172.16.0.5,192.168.50.1,17,88000
414,43435.45276,172.16.0.5,192.168.50.1,17,88000
415,43435.45276,172.16.0.5,192.168.50.1,17,88000
416,43435.45276,172.16.0.5,192.168.50.1,17,88000
417,43435.45276,192.168.50.1,172.16.0.5,17,880
418,43435.45276,172.16.0.5,192.168.50.1,17,88000
419,43435.45277,172.16.0.5,192.168.50.1,17,88000
420,43435.45277,172.16.0.5,192.168.50.1,17,88000
421,43435.45277,172.16.0.5,192.168.50.1,17,88000
422,43435.45277,172.16.0.5,192.168.50.1,17,88000
423,43435.45277,172.16.0.5,192.168.50.1,17,88000
424,43435.45277,172.16.0.5,192.168.50.1,17,88000
425,43435.45277,172.16.0.5,192.168.50.1,17,88000
426,43435.45277,172.16.0.5,192.168.50.1,17,88000
427,43435.45277,172.16.0.5,192.168.50.1,17,88000
428,43435.45277,172.16.0.5,192.168.50.1,17,88000
429,43435.45277,172.16.0.5,192.168.50.1,17,88000
430,43435.45277,172.16.0.5,192.168.50.1,17,88000
431,43435.45277,172.16.0.5,192.168.50.1,17,88000
432,43435.45278,8.6.0.1,8.0.6.4,0,0
433,43435.45279,172.16.0.5,192.168.50.1,6,944
434,43435.45279,172.16.0.5,192.168.50.1,17,88000
435,43435.45279,192.168.50.1,172.16.0.5,17,1760
436,43435.45279,172.16.0.5,192.168.50.1,17,88000
437,43435.4528,172.16.0.5,192.168.50.1,17,39600
438,43435.4528,192.168.50.1,172.16.0.5,17,880
439,43435.45281,172.16.0.5,192.168.50.1,17,39600
440,43435.45282,172.16.0.5,192.168.50.1,17,88000
441,43435.45282,192.168.50.1,172.16.0.5,17,880
442,43435.45282,172.16.0.5,192.168.50.1,17,88000
443,43435.45282,172.16.0.5,192.168.50.1,17,88000
444,43435.45282,172.16.0.5,192.168.50.1,17,88000
445,43435.45282,192.168.50.1,172.16.0.5,17,880
446,43435.45282,172.16.0.5,192.168.50.1,17,88000
447,43435.45282,172.16.0.5,192.168.50.1,17,88000
448,43435.45282,172.16.0.5,192.168.50.1,17,88000
449,43435.45282,172.16.0.5,192.168.50.1,17,88000
450,43435.45282,172.16.0.5,192.168.50.1,17,88000
451,43435.45282,172.16.0.5,192.168.50.1,17,88000
452,43435.45285,192.168.50.1,172.16.0.5,6,0
453,43435.45285,172.16.0.5,192.168.50.1,6,0
454,43435.45286,172.16.0.5,192.168.50.1,17,88000
455,43435.45286,192.168.50.1,172.16.0.5,17,2640
456,43435.45286,172.16.0.5,192.168.50.1,17,1760
457,43435.45286,172.16.0.5,192.168.50.1,17,880
458,43435.45286,172.16.0.5,192.168.50.1,17,88000
459,43435.45286,172.16.0.5,192.168.50.1,17,88000
460,43435.45286,172.16.0.5,192.168.50.1,17,85360
461,43435.45286,172.16.0.5,192.168.50.1,17,84480
462,43435.45286,172.16.0.5,192.168.50.1,17,88000
463,43435.45286,172.16.0.5,192.168.50.1,17,880
464,43435.45286,172.16.0.5,192.168.50.1,17,87120
465,43435.45287,172.16.0.5,192.168.50.1,6,1706
466,43435.45287,172.16.0.5,192.168.50.1,6,0
467,43435.45288,172.16.0.5,192.168.50.1,17,88000
468,43435.45288,192.168.50.1,172.16.0.5,17,1760
469,43435.45288,172.16.0.5,192.168.50.1,17,88000
470,43435.45288,172.16.0.5,192.168.50.1,17,88000
471,43435.45288,172.16.0.5,192.168.50.1,17,88000
472,43435.45288,172.16.0.5,192.168.50.1,17,88000
473,43435.4529,172.16.0.5,192.168.50.1,17,88000
474,43435.4529,192.168.50.1,172.16.0.5,17,880
475,43435.4529,172.16.0.5,192.168.50.1,17,88000
476,43435.4529,172.16.0.5,192.168.50.1,17,88000
477,43435.4529,172.16.0.5,192.168.50.1,17,88000
478,43435.4529,172.16.0.5,192.168.50.1,17,88000
479,43435.4529,172.16.0.5,192.168.50.1,17,88000
480,43435.4529,172.16.0.5,192.168.50.1,17,88000
481,43435.45292,172.16.0.5,192.168.50.1,6,1756
482,43435.45292,172.16.0.5,192.168.50.1,6,0
483,43435.45293,172.16.0.5,192.168.50.1,17,88000
484,43435.45293,192.168.50.1,172.16.0.5,17,2640
485,43435.45293,172.16.0.5,192.168.50.1,17,88000
486,43435.45293,172.16.0.5,192.168.50.1,17,88000
487,43435.45293,172.16.0.5,192.168.50.1,17,88000
488,43435.45293,172.16.0.5,192.168.50.1,17,88000
489,43435.45293,172.16.0.5,192.168.50.1,17,88000
490,43435.45293,172.16.0.5,192.168.50.1,17,88000
491,43435.45294,172.16.0.5,192.168.50.1,17,88000
492,43435.45294,172.16.0.5,192.168.50.1,17,88000
493,43435.45294,34.208.208.167,192.168.50.7,6,62
494,43435.45296,172.16.0.5,192.168.50.1,17,88000
495,43435.45296,192.168.50.1,172.16.0.5,17,1760
496,43435.45296,192.168.50.1,172.16.0.5,6,0
497,43435.45296,172.16.0.5,192.168.50.1,6,0
498,43435.45298,172.16.0.5,192.168.50.1,17,88000
499,43435.45298,192.168.50.1,172.16.0.5,17,1760
500,43435.45298,172.16.0.5,192.168.50.1,17,88000
501,43435.45298,172.16.0.5,192.168.50.1,17,88000
502,43435.45298,172.16.0.5,192.168.50.1,17,88000
503,43435.45298,192.168.50.1,172.16.0.5,6,0
504,43435.45298,172.16.0.5,192.168.50.1,6,0
505,43435.45298,172.16.0.5,192.168.50.1,17,88000
506,43435.45298,192.168.50.1,172.16.0.5,17,880
507,43435.45298,172.16.0.5,192.168.50.1,17,88000
508,43435.45299,172.16.0.5,192.168.50.1,17,88000
509,43435.45299,172.16.0.5,192.168.50.1,17,88000
510,43435.45299,192.168.50.6,4.2.2.4,17,62
511,43435.45299,172.16.0.5,192.168.50.1,17,88000
512,43435.45299,192.168.50.6,4.2.2.4,17,94
513,43435.45299,192.168.50.6,74.208.236.171,6,1510
514,43435.45299,192.168.50.6,8.8.8.8,17,84
515,43435.45299,192.168.50.6,8.8.8.8,17,94
516,43435.45299,192.168.50.6,8.8.8.8,17,62
517,43435.45299,192.168.50.6,4.2.2.4,17,88
518,43435.45299,192.168.50.6,4.2.2.4,17,88
519,43435.45299,192.168.50.6,4.2.2.4,17,74
520,43435.45299,192.168.50.6,4.2.2.4,17,76
521,43435.45299,192.168.50.6,23.15.4.25,6,1208
522,43435.45299,192.168.50.6,4.2.2.4,17,78
523,43435.45299,192.168.50.6,8.8.8.8,17,74
524,43435.45299,192.168.50.6,8.8.8.8,17,76
525,43435.45299,192.168.50.6,4.2.2.4,17,78
526,43435.45299,172.16.0.5,192.168.50.1,17,88000
527,43435.45299,192.168.50.6,8.8.8.8,17,78
528,43435.45299,172.16.0.5,192.168.50.1,17,88000
529,43435.45299,172.16.0.5,192.168.50.1,17,88000
530,43435.45299,192.168.50.6,4.2.2.4,17,86
531,43435.45299,192.168.50.6,4.2.2.4,17,84
532,43435.45299,192.168.50.6,74.208.236.171,6,818
533,43435.45299,192.168.50.6,4.2.2.4,17,88
534,43435.45299,192.168.50.6,8.8.8.8,17,84
535,43435.45299,192.168.50.6,4.2.2.4,17,84
536,43435.45299,192.168.50.6,8.8.8.8,17,88
537,43435.45299,192.168.50.6,34.216.156.21,6,2458
538,43435.45299,192.168.50.6,4.2.2.4,17,100
539,43435.45299,192.168.50.6,52.10.142.119,6,2890
540,43435.45299,172.16.0.5,192.168.50.1,17,88000
541,43435.45299,192.168.50.6,4.2.2.4,17,100
542,43435.45299,172.16.0.5,192.168.50.1,17,88000
543,43435.45299,172.16.0.5,192.168.50.1,17,88000
544,43435.45299,172.16.0.5,192.168.50.1,17,88000
545,43435.45299,172.16.0.5,192.168.50.1,17,88000
546,43435.45299,192.168.50.6,74.208.236.171,6,0
547,43435.45299,192.168.50.6,4.2.2.4,17,70
548,43435.45299,192.168.50.6,74.208.236.171,6,0
549,43435.45299,192.168.50.6,8.8.8.8,17,70
550,43435.45299,192.168.50.6,72.21.91.29,6,2662
551,43435.45299,192.168.50.6,72.21.91.29,6,2662
552,43435.45299,192.168.50.6,4.2.2.4,17,72
553,43435.45299,172.16.0.5,192.168.50.1,6,2130
554,43435.45299,172.16.0.5,192.168.50.1,17,88000
555,43435.45299,192.168.50.6,4.2.2.4,17,72
556,43435.45299,74.208.236.171,192.168.50.6,6,0
557,43435.45299,74.208.236.171,192.168.50.6,6,0
558,43435.45299,172.16.0.5,192.168.50.1,17,88000
559,43435.45299,192.168.50.6,74.208.236.171,6,0
560,43435.45299,172.16.0.5,192.168.50.1,17,88000
561,43435.45299,192.168.50.6,74.208.236.171,6,0
562,43435.45299,192.168.50.6,74.208.236.171,6,0
563,43435.45299,192.168.50.6,74.208.236.171,6,0
564,43435.45299,192.168.50.6,74.208.236.171,6,608
565,43435.45299,192.168.50.6,172.217.10.2,6,0
566,43435.45299,192.168.50.6,74.208.236.171,6,0
567,43435.45299,172.16.0.5,192.168.50.1,17,88000
568,43435.45299,192.168.50.6,172.217.10.2,6,2766
569,43435.45299,192.168.50.6,172.217.10.66,6,2800
570,43435.45299,192.168.50.6,4.2.2.4,17,90
571,43435.453,192.168.50.6,4.2.2.4,17,86
572,43435.453,192.168.50.6,172.217.10.2,6,46882
573,43435.453,192.168.50.6,172.217.12.129,6,3906
574,43435.453,192.168.50.6,4.2.2.4,17,100
575,43435.453,192.168.50.6,8.8.8.8,17,100
576,43435.453,192.168.50.6,4.2.2.4,17,100
577,43435.453,172.16.0.5,192.168.50.1,17,88000
578,43435.453,192.168.50.1,172.16.0.5,17,880
579,43435.453,192.168.50.6,4.2.2.4,17,62
580,43435.453,192.168.50.6,172.217.10.14,6,1766
581,43435.453,192.168.50.6,172.217.10.14,6,1766
582,43435.453,192.168.50.6,4.2.2.4,17,70
583,43435.453,172.16.0.5,192.168.50.1,17,88000
584,43435.453,192.168.50.6,4.2.2.4,17,70
585,43435.453,192.168.50.6,172.217.10.14,6,1766
586,43435.453,192.168.50.6,172.217.10.14,6,1766
587,43435.453,172.16.0.5,192.168.50.1,17,88000
588,43435.453,192.168.50.6,8.8.8.8,17,70
589,43435.453,172.16.0.5,192.168.50.1,17,88000
590,43435.453,192.168.50.6,172.217.10.2,6,1670
591,43435.453,192.168.50.6,172.217.10.2,6,0
592,43435.453,172.16.0.5,192.168.50.1,6,0
593,43435.453,192.168.50.1,172.16.0.5,6,0
594,43435.453,192.168.50.6,172.217.10.2,6,0
595,43435.453,172.16.0.5,192.168.50.1,17,88000
596,43435.453,172.16.0.5,192.168.50.1,17,88000
597,43435.453,192.168.50.6,172.217.10.2,6,0
598,43435.453,172.16.0.5,192.168.50.1,17,88000
599,43435.453,172.217.10.2,192.168.50.6,6,0
600,43435.453,172.16.0.5,192.168.50.1,17,88000
601,43435.453,172.16.0.5,192.168.50.1,17,88000
602,43435.453,172.16.0.5,192.168.50.1,17,88000
603,43435.453,192.168.50.6,4.2.2.4,17,72
604,43435.453,192.168.50.6,4.2.2.4,17,64
605,43435.453,192.168.50.6,172.217.7.6,6,5138
606,43435.453,192.168.50.6,4.2.2.4,17,80
607,43435.453,192.168.50.6,172.217.12.132,6,19074
608,43435.453,192.168.50.6,4.2.2.4,17,64
609,43435.453,172.16.0.5,192.168.50.1,17,88000
610,43435.453,192.168.50.6,8.8.8.8,17,80
611,43435.453,192.168.50.6,8.8.8.8,17,64
612,43435.453,192.168.50.6,4.2.2.4,17,80
613,43435.453,192.168.50.6,4.2.2.4,17,64
614,43435.453,172.16.0.5,192.168.50.1,17,88000
615,43435.453,192.168.50.8,8.8.8.8,17,96
616,43435.453,172.16.0.5,192.168.50.1,17,88000
617,43435.453,192.168.50.8,52.89.179.237,6,22260
618,43435.453,192.168.50.8,8.8.8.8,17,154
619,43435.45301,192.168.50.6,4.2.2.4,17,76
620,43435.45301,192.168.50.8,8.8.8.8,17,154
621,43435.45301,192.168.50.6,4.2.2.4,17,70
622,43435.45301,172.16.0.5,192.168.50.1,17,88000
623,43435.45301,192.168.50.6,4.2.2.4,17,86
624,43435.45301,192.168.50.6,4.2.2.4,17,74
625,43435.45301,192.168.50.6,4.2.2.4,17,76
626,43435.45301,192.168.50.6,4.2.2.4,17,86
627,43435.45301,192.168.50.6,4.2.2.4,17,86
628,43435.45301,192.168.50.6,4.2.2.4,17,84
629,43435.45301,192.168.50.6,172.217.12.162,6,4416
630,43435.45301,192.168.50.6,8.8.8.8,17,86
631,43435.45301,192.168.50.6,8.8.8.8,17,86
632,43435.45301,192.168.50.6,4.2.2.4,17,86
633,43435.45301,192.168.50.6,4.2.2.4,17,84
634,43435.45301,192.168.50.6,4.2.2.4,17,58
635,43435.45301,192.168.50.6,8.8.8.8,17,84
636,43435.45301,192.168.50.6,4.2.2.4,17,84
637,43435.45301,192.168.50.6,172.217.12.162,6,1639
638,43435.45301,192.168.50.8,8.8.8.8,17,84
639,43435.45301,172.16.0.5,192.168.50.1,17,88000
640,43435.45301,192.168.50.6,8.8.8.8,17,58
641,43435.45301,192.168.50.6,172.217.12.134,6,1834
642,43435.45301,192.168.50.6,172.217.12.134,6,1639
643,43435.45301,192.168.50.6,4.2.2.4,17,84
644,43435.45301,192.168.50.6,104.36.115.113,6,8638
645,43435.45301,192.168.50.6,172.217.12.134,6,8606
646,43435.45301,192.168.50.6,4.2.2.4,17,92
647,43435.45301,192.168.50.6,172.217.12.134,6,0
648,43435.45301,192.168.50.6,4.2.2.4,17,84
649,43435.45301,192.168.50.6,216.58.219.202,6,2414
650,43435.45301,192.168.50.6,4.2.2.4,17,62
651,43435.45301,192.168.50.6,172.217.12.134,6,0
652,43435.45301,192.168.50.8,8.8.8.8,17,78
653,43435.45301,192.168.50.6,4.2.2.4,17,62
654,43435.45301,192.168.50.6,4.2.2.4,17,74
655,43435.45301,192.168.50.6,4.2.2.4,17,70
656,43435.45301,192.168.50.1,172.16.0.5,17,880
657,43435.45301,192.168.50.6,23.194.142.213,6,1317
658,43435.45301,192.168.50.6,4.2.2.4,17,82
659,43435.45301,192.168.50.6,4.2.2.4,17,120
660,43435.45301,192.168.50.6,4.2.2.4,17,82
661,43435.45301,192.168.50.6,8.8.8.8,17,70
662,43435.45301,192.168.50.6,4.2.2.4,17,58
663,43435.45301,192.168.50.6,38.69.238.16,6,904
664,43435.45301,192.168.50.6,4.2.2.4,17,82
665,43435.45301,192.168.50.6,8.8.8.8,17,82
666,43435.45301,192.168.50.6,8.8.8.8,17,120
667,43435.45301,192.168.50.6,4.2.2.4,17,120
668,43435.45301,192.168.50.6,4.2.2.4,17,82
669,43435.45301,192.168.50.6,172.217.12.134,6,0
670,43435.45301,192.168.50.8,8.8.8.8,17,78
671,43435.45301,192.168.50.6,8.8.8.8,17,82
672,43435.45301,192.168.50.6,4.2.2.4,17,76
673,43435.45301,192.168.50.6,4.2.2.4,17,64
674,43435.45301,192.168.50.6,172.217.10.106,6,1834
675,43435.45301,172.16.0.5,192.168.50.1,17,88000
676,43435.45301,192.168.50.6,172.217.12.162,6,31
677,43435.45301,172.217.12.162,192.168.50.6,6,214
678,43435.45301,192.168.50.6,4.2.2.4,17,76
679,43435.45301,192.168.50.6,23.194.142.213,6,35502
680,43435.45301,192.168.50.6,4.2.2.4,17,86
681,43435.45301,192.168.50.6,172.217.12.134,6,31
682,43435.45301,172.217.12.134,192.168.50.6,6,76
683,43435.45301,192.168.50.6,8.8.8.8,17,76
684,43435.45301,192.168.50.6,4.2.2.4,17,72
685,43435.45301,192.168.50.6,4.2.2.4,17,100
686,43435.45301,192.168.50.6,8.8.8.8,17,100
687,43435.45301,192.168.50.6,4.2.2.4,17,116
688,43435.45301,192.168.50.6,4.2.2.4,17,116
689,43435.45301,192.168.50.6,172.217.9.226,6,11722
690,43435.45301,172.16.0.5,192.168.50.1,17,88000
691,43435.45301,192.168.50.6,172.217.9.226,6,0
692,43435.45301,192.168.50.6,34.204.21.102,6,4810
693,43435.45301,172.16.0.5,192.168.50.1,17,88000
694,43435.45301,192.168.50.6,94.31.29.44,6,17486
695,43435.45301,192.168.50.6,172.217.10.35,6,1834
696,43435.45301,172.16.0.5,192.168.50.1,17,88000
697,43435.45301,172.16.0.5,192.168.50.1,6,108
698,43435.45301,192.168.50.6,4.2.2.4,17,72
699,43435.45301,192.168.50.6,52.7.108.194,6,4432
700,43435.45301,192.168.50.6,4.2.2.4,17,118
